{"train loss":2.8776415586964044,"val loss":3.6603791302842166,"_wandb":{"runtime":159821},"epoch":49,"_timestamp":1.739525558659921e+09,"_runtime":159821.189823322,"_step":99}